{
  "hash": "6ad02535",
  "configHash": "4d0373f1",
  "lockfileHash": "06e6a3e0",
  "browserHash": "61b2cd74",
  "optimized": {
    "@angular/cdk/bidi": {
      "src": "../../../../../../node_modules/@angular/cdk/fesm2022/bidi.mjs",
      "file": "@angular_cdk_bidi.js",
      "fileHash": "0dc1dea9",
      "needsInterop": false
    },
    "@angular/cdk/text-field": {
      "src": "../../../../../../node_modules/@angular/cdk/fesm2022/text-field.mjs",
      "file": "@angular_cdk_text-field.js",
      "fileHash": "d0c614fd",
      "needsInterop": false
    },
    "@angular/common": {
      "src": "../../../../../../node_modules/@angular/common/fesm2022/common.mjs",
      "file": "@angular_common.js",
      "fileHash": "9922cac8",
      "needsInterop": false
    },
    "@angular/common/http": {
      "src": "../../../../../../node_modules/@angular/common/fesm2022/http.mjs",
      "file": "@angular_common_http.js",
      "fileHash": "1a09b833",
      "needsInterop": false
    },
    "@angular/core": {
      "src": "../../../../../../node_modules/@angular/core/fesm2022/core.mjs",
      "file": "@angular_core.js",
      "fileHash": "7bd132f0",
      "needsInterop": false
    },
    "@angular/forms": {
      "src": "../../../../../../node_modules/@angular/forms/fesm2022/forms.mjs",
      "file": "@angular_forms.js",
      "fileHash": "785b4407",
      "needsInterop": false
    },
    "@angular/material/button": {
      "src": "../../../../../../node_modules/@angular/material/fesm2022/button.mjs",
      "file": "@angular_material_button.js",
      "fileHash": "743edaee",
      "needsInterop": false
    },
    "@angular/material/card": {
      "src": "../../../../../../node_modules/@angular/material/fesm2022/card.mjs",
      "file": "@angular_material_card.js",
      "fileHash": "3b01e313",
      "needsInterop": false
    },
    "@angular/material/form-field": {
      "src": "../../../../../../node_modules/@angular/material/fesm2022/form-field.mjs",
      "file": "@angular_material_form-field.js",
      "fileHash": "2cd176ef",
      "needsInterop": false
    },
    "@angular/material/icon": {
      "src": "../../../../../../node_modules/@angular/material/fesm2022/icon.mjs",
      "file": "@angular_material_icon.js",
      "fileHash": "d4a397d7",
      "needsInterop": false
    },
    "@angular/material/input": {
      "src": "../../../../../../node_modules/@angular/material/fesm2022/input.mjs",
      "file": "@angular_material_input.js",
      "fileHash": "78c9917a",
      "needsInterop": false
    },
    "@angular/material/progress-spinner": {
      "src": "../../../../../../node_modules/@angular/material/fesm2022/progress-spinner.mjs",
      "file": "@angular_material_progress-spinner.js",
      "fileHash": "ba0e8ea4",
      "needsInterop": false
    },
    "@angular/platform-browser": {
      "src": "../../../../../../node_modules/@angular/platform-browser/fesm2022/platform-browser.mjs",
      "file": "@angular_platform-browser.js",
      "fileHash": "dd2b11b3",
      "needsInterop": false
    },
    "@angular/router": {
      "src": "../../../../../../node_modules/@angular/router/fesm2022/router.mjs",
      "file": "@angular_router.js",
      "fileHash": "de1857e7",
      "needsInterop": false
    },
    "rxjs": {
      "src": "../../../../../../node_modules/rxjs/dist/esm5/index.js",
      "file": "rxjs.js",
      "fileHash": "dffd03ac",
      "needsInterop": false
    },
    "rxjs/operators": {
      "src": "../../../../../../node_modules/rxjs/dist/esm5/operators/index.js",
      "file": "rxjs_operators.js",
      "fileHash": "c8d0ad3f",
      "needsInterop": false
    },
    "sweetalert2": {
      "src": "../../../../../../node_modules/sweetalert2/dist/sweetalert2.esm.all.js",
      "file": "sweetalert2.js",
      "fileHash": "496c9c5c",
      "needsInterop": false
    },
    "@angular/material/table": {
      "src": "../../../../../../node_modules/@angular/material/fesm2022/table.mjs",
      "file": "@angular_material_table.js",
      "fileHash": "71f2980b",
      "needsInterop": false
    },
    "@angular/material/paginator": {
      "src": "../../../../../../node_modules/@angular/material/fesm2022/paginator.mjs",
      "file": "@angular_material_paginator.js",
      "fileHash": "fb972dbc",
      "needsInterop": false
    },
    "@angular/material/dialog": {
      "src": "../../../../../../node_modules/@angular/material/fesm2022/dialog.mjs",
      "file": "@angular_material_dialog.js",
      "fileHash": "1487ac3b",
      "needsInterop": false
    }
  },
  "chunks": {
    "chunk-X3DIDC4L": {
      "file": "chunk-X3DIDC4L.js"
    },
    "chunk-GEYMHVIN": {
      "file": "chunk-GEYMHVIN.js"
    },
    "chunk-K6PUCGKG": {
      "file": "chunk-K6PUCGKG.js"
    },
    "chunk-KWDSSHB2": {
      "file": "chunk-KWDSSHB2.js"
    },
    "chunk-36J2GHTU": {
      "file": "chunk-36J2GHTU.js"
    },
    "chunk-UXAR7EUB": {
      "file": "chunk-UXAR7EUB.js"
    },
    "chunk-ANCJ5HUM": {
      "file": "chunk-ANCJ5HUM.js"
    },
    "chunk-3WMLPUHV": {
      "file": "chunk-3WMLPUHV.js"
    },
    "chunk-3D5ON5ZQ": {
      "file": "chunk-3D5ON5ZQ.js"
    },
    "chunk-V7BOYJNJ": {
      "file": "chunk-V7BOYJNJ.js"
    },
    "chunk-42FJBLFI": {
      "file": "chunk-42FJBLFI.js"
    },
    "chunk-OOHKI6KL": {
      "file": "chunk-OOHKI6KL.js"
    },
    "chunk-GWH2FRK5": {
      "file": "chunk-GWH2FRK5.js"
    },
    "chunk-CSNSRCKH": {
      "file": "chunk-CSNSRCKH.js"
    },
    "chunk-Y4O4C3E7": {
      "file": "chunk-Y4O4C3E7.js"
    },
    "chunk-M2C3USOE": {
      "file": "chunk-M2C3USOE.js"
    },
    "chunk-MILDH5CM": {
      "file": "chunk-MILDH5CM.js"
    },
    "chunk-32YQMUH6": {
      "file": "chunk-32YQMUH6.js"
    },
    "chunk-WE7DGAJW": {
      "file": "chunk-WE7DGAJW.js"
    },
    "chunk-WPM5VTLQ": {
      "file": "chunk-WPM5VTLQ.js"
    },
    "chunk-PEBH6BBU": {
      "file": "chunk-PEBH6BBU.js"
    },
    "chunk-4S3KYZTJ": {
      "file": "chunk-4S3KYZTJ.js"
    },
    "chunk-WDMUDEB6": {
      "file": "chunk-WDMUDEB6.js"
    }
  }
}