{
  "hash": "56e8cc73",
  "configHash": "70b290e3",
  "lockfileHash": "06e6a3e0",
  "browserHash": "1dcdc2fa",
  "optimized": {
    "@angular/cdk/bidi": {
      "src": "../../../../../../node_modules/@angular/cdk/fesm2022/bidi.mjs",
      "file": "@angular_cdk_bidi.js",
      "fileHash": "de36d600",
      "needsInterop": false
    },
    "@angular/cdk/text-field": {
      "src": "../../../../../../node_modules/@angular/cdk/fesm2022/text-field.mjs",
      "file": "@angular_cdk_text-field.js",
      "fileHash": "12a61015",
      "needsInterop": false
    },
    "@angular/common": {
      "src": "../../../../../../node_modules/@angular/common/fesm2022/common.mjs",
      "file": "@angular_common.js",
      "fileHash": "cbd3f4ee",
      "needsInterop": false
    },
    "@angular/common/http": {
      "src": "../../../../../../node_modules/@angular/common/fesm2022/http.mjs",
      "file": "@angular_common_http.js",
      "fileHash": "e72e7e9c",
      "needsInterop": false
    },
    "@angular/core": {
      "src": "../../../../../../node_modules/@angular/core/fesm2022/core.mjs",
      "file": "@angular_core.js",
      "fileHash": "28fcc327",
      "needsInterop": false
    },
    "@angular/forms": {
      "src": "../../../../../../node_modules/@angular/forms/fesm2022/forms.mjs",
      "file": "@angular_forms.js",
      "fileHash": "32f2f046",
      "needsInterop": false
    },
    "@angular/material/button": {
      "src": "../../../../../../node_modules/@angular/material/fesm2022/button.mjs",
      "file": "@angular_material_button.js",
      "fileHash": "2f6f553b",
      "needsInterop": false
    },
    "@angular/material/card": {
      "src": "../../../../../../node_modules/@angular/material/fesm2022/card.mjs",
      "file": "@angular_material_card.js",
      "fileHash": "9d4fe0c4",
      "needsInterop": false
    },
    "@angular/material/form-field": {
      "src": "../../../../../../node_modules/@angular/material/fesm2022/form-field.mjs",
      "file": "@angular_material_form-field.js",
      "fileHash": "eaf2921c",
      "needsInterop": false
    },
    "@angular/material/icon": {
      "src": "../../../../../../node_modules/@angular/material/fesm2022/icon.mjs",
      "file": "@angular_material_icon.js",
      "fileHash": "c9ab4817",
      "needsInterop": false
    },
    "@angular/material/input": {
      "src": "../../../../../../node_modules/@angular/material/fesm2022/input.mjs",
      "file": "@angular_material_input.js",
      "fileHash": "1fcf8105",
      "needsInterop": false
    },
    "@angular/material/progress-spinner": {
      "src": "../../../../../../node_modules/@angular/material/fesm2022/progress-spinner.mjs",
      "file": "@angular_material_progress-spinner.js",
      "fileHash": "404a39fc",
      "needsInterop": false
    },
    "@angular/platform-browser": {
      "src": "../../../../../../node_modules/@angular/platform-browser/fesm2022/platform-browser.mjs",
      "file": "@angular_platform-browser.js",
      "fileHash": "9e18420b",
      "needsInterop": false
    },
    "@angular/router": {
      "src": "../../../../../../node_modules/@angular/router/fesm2022/router.mjs",
      "file": "@angular_router.js",
      "fileHash": "957f3f22",
      "needsInterop": false
    },
    "rxjs": {
      "src": "../../../../../../node_modules/rxjs/dist/esm5/index.js",
      "file": "rxjs.js",
      "fileHash": "b50bbefb",
      "needsInterop": false
    },
    "rxjs/operators": {
      "src": "../../../../../../node_modules/rxjs/dist/esm5/operators/index.js",
      "file": "rxjs_operators.js",
      "fileHash": "fce4850d",
      "needsInterop": false
    },
    "sweetalert2": {
      "src": "../../../../../../node_modules/sweetalert2/dist/sweetalert2.esm.all.js",
      "file": "sweetalert2.js",
      "fileHash": "f2d74c5e",
      "needsInterop": false
    }
  },
  "chunks": {
    "chunk-3WMLPUHV": {
      "file": "chunk-3WMLPUHV.js"
    },
    "chunk-X3DIDC4L": {
      "file": "chunk-X3DIDC4L.js"
    },
    "chunk-FHGT26X6": {
      "file": "chunk-FHGT26X6.js"
    },
    "chunk-UXAR7EUB": {
      "file": "chunk-UXAR7EUB.js"
    },
    "chunk-IWHU62JH": {
      "file": "chunk-IWHU62JH.js"
    },
    "chunk-4UXJBQ2O": {
      "file": "chunk-4UXJBQ2O.js"
    },
    "chunk-H6OXIHJI": {
      "file": "chunk-H6OXIHJI.js"
    },
    "chunk-Y4O4C3E7": {
      "file": "chunk-Y4O4C3E7.js"
    },
    "chunk-TISP4RCO": {
      "file": "chunk-TISP4RCO.js"
    },
    "chunk-MILDH5CM": {
      "file": "chunk-MILDH5CM.js"
    },
    "chunk-32YQMUH6": {
      "file": "chunk-32YQMUH6.js"
    },
    "chunk-WE7DGAJW": {
      "file": "chunk-WE7DGAJW.js"
    },
    "chunk-WPM5VTLQ": {
      "file": "chunk-WPM5VTLQ.js"
    },
    "chunk-PEBH6BBU": {
      "file": "chunk-PEBH6BBU.js"
    },
    "chunk-4S3KYZTJ": {
      "file": "chunk-4S3KYZTJ.js"
    },
    "chunk-WDMUDEB6": {
      "file": "chunk-WDMUDEB6.js"
    }
  }
}